{
  "intrasentence": {
    "gender": {
      "Count": 2313.0,
      "LM Score": 92.2128571287117,
      "SS Score": 70.22162052691787,
      "ICAT Score": 54.91898903751767
    },
    "profession": {
      "Count": 7194.0,
      "LM Score": 90.49573321953329,
      "SS Score": 64.31141681612037,
      "ICAT Score": 64.59329005582985
    },
    "race": {
      "Count": 8928.0,
      "LM Score": 91.41997357276712,
      "SS Score": 64.92299721823782,
      "ICAT Score": 64.13477334641154
    },
    "religion": {
      "Count": 741.0,
      "LM Score": 92.50084001196348,
      "SS Score": 64.61217307528024,
      "ICAT Score": 65.46807433469112
    },
    "overall": {
      "Count": 6392.0,
      "LM Score": 91.21473668367646,
      "SS Score": 65.34084451486267,
      "ICAT Score": 63.22851482510805
    }
  },
  "intersentence": {
    "gender": {
      "Count": 2253.0,
      "LM Score": 79.26343955593705,
      "SS Score": 62.850750499569834,
      "ICAT Score": 58.89154584651543
    },
    "profession": {
      "Count": 7305.0,
      "LM Score": 75.35141532104518,
      "SS Score": 61.14711455352225,
      "ICAT Score": 58.552398153970735
    },
    "race": {
      "Count": 8841.0,
      "LM Score": 73.78294408367886,
      "SS Score": 56.590898780375646,
      "ICAT Score": 64.05702576020599
    },
    "religion": {
      "Count": 723.0,
      "LM Score": 74.61538461538461,
      "SS Score": 56.385384163161945,
      "ICAT Score": 65.08642671035832
    },
    "overall": {
      "Count": 6374.0,
      "LM Score": 75.07661863043947,
      "SS Score": 59.053730762210755,
      "ICAT Score": 61.48214879809597
    }
  },
  "overall": {
    "Count": 12766.0,
    "LM Score": 83.13349645756082,
    "SS Score": 62.20115619873466,
    "ICAT Score": 62.847000945047746
  }
}